,HDFS,HealthApp,Proxifier,Windows,Thunderbird,Zookeeper,BGL,Hadoop,OpenSSH,Apache,Mac,Andriod,Linux,HPC,OpenStack,Spark
F1_measure,0.9999843025834023,0.8639688564266107,0.7863358633559475,0.9992805654894948,0.9991296174489843,0.9952911126969061,0.9995538256610276,0.9958686627045192,0.9872122479230966,1.0,0.9621125529482956,0.9404111521124653,0.9923496299795308,0.9922063548183789,0.9860420922402556,0.9910182216313443
Accuracy,0.9975,0.5675,0.495,0.6895,0.941,0.921,0.957,0.869,0.538,1.0,0.7635,0.6815,0.6725,0.903,0.7575,0.905
