,HDFS,HealthApp,Proxifier,Windows,Thunderbird,Zookeeper,BGL,Hadoop,OpenSSH,Apache,Mac,Andriod,Linux,HPC,OpenStack,Spark
F1_measure,0.9999843025834023,0.39398393596103054,0.7497231044676168,0.9945944818524067,0.9997080477530601,0.9984175939596773,0.9393688022111542,0.9965386570637523,0.9989891211923261,1.0,0.958653288583528,0.9921517811300458,0.9951053682000928,0.9808242887161006,0.9944270987004636,0.9890733289715452
Accuracy,0.9975,0.174,0.508,0.5655,0.943,0.8405,0.6895,0.885,0.925,1.0,0.698,0.8795,0.701,0.8295,0.7425,0.8835
