,HDFS,HealthApp,Proxifier,Windows,Thunderbird,Zookeeper,BGL,Hadoop,OpenSSH,Apache,Mac,Andriod,Linux,HPC,OpenStack,Spark
F1_measure,0.9988397207490074,0.917487138777488,0.7191245676702387,0.9999871852971091,0.9987747361313833,0.9854018516660094,0.9712682205856141,0.995530019226376,0.7758745206765866,1.0,0.9814220104285369,0.8936943485371615,0.9302541538444009,0.9757520462268767,0.9941082472340478,0.8411961256190458
Accuracy,0.8505,0.684,0.5165,0.9925,0.9185,0.6875,0.723,0.8695,0.4305,1.0,0.872,0.504,0.6115,0.784,0.743,0.5755
