,HDFS,HealthApp,Proxifier,Windows,Thunderbird,Zookeeper,BGL,Hadoop,OpenSSH,Apache,Mac,Andriod,Linux,HPC,OpenStack,Spark
F1_measure,0.9917665351791699,0.6140465064530486,0.8651778817100589,0.9138600372657136,0.9790780735097869,0.996591429551224,0.9349166575154656,0.9871033703431329,0.9610502254568318,0.8620597871840512,0.9392793218736281,0.8587330768404627,0.8123041632923038,0.7409181025493463,0.9972037030317227,0.9510794232143347
Accuracy,0.8495,0.235,0.4935,0.689,0.6935,0.738,0.2265,0.6325,0.373,0.582,0.4775,0.5475,0.1685,0.354,0.866,0.5435
