,HDFS,HealthApp,Proxifier,Windows,Thunderbird,Zookeeper,BGL,Hadoop,OpenSSH,Apache,Mac,Andriod,Linux,HPC,OpenStack,Spark
F1_measure,0.9999843025834023,0.8424706541337706,0.7796400497796313,0.9129826942997308,0.9111845460079675,0.9933372846840572,0.9944497190718967,0.9975130047864069,0.9976392857925933,1.0,0.9598450840595018,0.8437014243568187,0.9754565458995387,0.5413360738826676,0.9936968598661957,0.9915255066018122
Accuracy,0.9975,0.397,0.5165,0.7005,0.576,0.66,0.711,0.867,0.619,1.0,0.595,0.585,0.6715,0.3245,0.7215,0.906
