,HDFS,HealthApp,Proxifier,Windows,Thunderbird,Zookeeper,BGL,Hadoop,OpenSSH,Apache,Mac,Andriod,Linux,HPC,OpenStack,Spark
F1_measure,1.0,0.8866740494647471,0.8320437283059741,0.9999743703254969,0.994456266375956,0.9995492201047833,0.9569324088655535,0.9201974522987065,0.9180378945061868,1.0,0.9634721334691974,0.992196250753911,0.9368218112331945,0.986062949437915,0.994108234166919,0.9910182216313443
Accuracy,1.0,0.639,0.5265,0.9885,0.8435,0.9635,0.7865,0.7775,0.554,1.0,0.7565,0.9185,0.605,0.654,0.764,0.905
